INSERT INTO faculties (faculty_code, faculty_name, office_location, created_at, updated_at) VALUES
('BMTL', 'Bộ môn Toán - Lý', 'Phòng A319, Tòa nhà A', CURRENT_TIMESTAMP, CURRENT_TIMESTAMP),
('CNPM', 'Khoa Công nghệ Phần mềm', 'Phòng E7.2, Tòa nhà E', CURRENT_TIMESTAMP, CURRENT_TIMESTAMP),
('HTTT', 'Khoa Hệ thống Thông tin', 'Tầng 9, Tòa nhà E', CURRENT_TIMESTAMP, CURRENT_TIMESTAMP),
('KTMT', 'Khoa Kỹ thuật Máy tính', 'Tầng 6, Tòa nhà E', CURRENT_TIMESTAMP, CURRENT_TIMESTAMP),
('KTTT', 'Khoa Khoa học và Kỹ thuật thông tin', 'Phòng E10.2, Tòa nhà E', CURRENT_TIMESTAMP, CURRENT_TIMESTAMP),
('KHMT', 'Khoa Khoa học Máy tính', 'Phòng E5.2, Tòa nhà E', CURRENT_TIMESTAMP, CURRENT_TIMESTAMP),
('MMT&TT', 'Khoa Mạng máy tính và Truyền thông', 'Phòng E8.2, Tòa nhà E', CURRENT_TIMESTAMP, CURRENT_TIMESTAMP),
('P.DTDH', 'Phòng Đào tạo Đại học', 'Phòng A102, Tòa nhà A', CURRENT_TIMESTAMP, CURRENT_TIMESTAMP),
('TTNN', 'Trung tâm Ngoại ngữ', 'Phòng E1.4, Tòa nhà E', CURRENT_TIMESTAMP, CURRENT_TIMESTAMP);

INSERT INTO majors (major_code, major_name, faculty_code, major_number_code, created_at, updated_at) VALUES
('KHMT', 'Khoa học máy tính', 'KHMT', '7480101', CURRENT_TIMESTAMP, CURRENT_TIMESTAMP),
('KHTN', 'Khoa học máy tính - Tài năng', 'KHMT', '7480101', CURRENT_TIMESTAMP, CURRENT_TIMESTAMP),
('TTNT', 'Trí tuệ nhân tạo', 'KHMT', '7480107', CURRENT_TIMESTAMP, CURRENT_TIMESTAMP),
('TTTN', 'Trí tuệ nhân tạo - Tài năng', 'KHMT', '7480107', CURRENT_TIMESTAMP, CURRENT_TIMESTAMP),
('MMTT', 'Mạng máy tính và truyền thông dữ liệu', 'MMT&TT', '7480102', CURRENT_TIMESTAMP, CURRENT_TIMESTAMP),
('KTPM', 'Kỹ thuật phần mềm', 'CNPM', '7480103', CURRENT_TIMESTAMP, CURRENT_TIMESTAMP),
('TTDPT', 'Truyền thông Đa phương tiện', 'CNPM', '7320104', CURRENT_TIMESTAMP, CURRENT_TIMESTAMP),
('HTTT', 'Hệ thống thông tin', 'HTTT', '7480104', CURRENT_TIMESTAMP, CURRENT_TIMESTAMP),
('HTTT_TT', 'Hệ thống thông tin (Tiên tiến)', 'HTTT', '7480104_TT', CURRENT_TIMESTAMP, CURRENT_TIMESTAMP),
('TMDT', 'Thương mại điện tử', 'HTTT', '7340122', CURRENT_TIMESTAMP, CURRENT_TIMESTAMP),
('CNTT', 'Công nghệ thông tin', 'P.DTDH', '7480201', CURRENT_TIMESTAMP, CURRENT_TIMESTAMP),
('CNTTVN', 'Công nghệ thông tin (Việt Nhật)', 'CNPM', '7480201_VN', CURRENT_TIMESTAMP, CURRENT_TIMESTAMP),
('KHDL', 'Khoa học dữ liệu', 'KTTT', '7460108', CURRENT_TIMESTAMP, CURRENT_TIMESTAMP),
('ATTT', 'An toàn thông tin', 'MMT&TT', '7480202', CURRENT_TIMESTAMP, CURRENT_TIMESTAMP),
('ATTN', 'An toàn thông tin - Tài năng', 'MMT&TT', '7480202', CURRENT_TIMESTAMP, CURRENT_TIMESTAMP),
('KTMT', 'Kỹ thuật máy tính', 'KTMT', '7480106', CURRENT_TIMESTAMP, CURRENT_TIMESTAMP),
('TKVM', 'Thiết kế Vi mạch', 'KTMT', '752020A1', CURRENT_TIMESTAMP, CURRENT_TIMESTAMP),
('TKTN', 'Thiết kế Vi mạch - Tài năng', 'KTMT', '752020A1', CURRENT_TIMESTAMP, CURRENT_TIMESTAMP);

INSERT INTO curriculums (
    curriculum_code, name, major_code, 
    academic_start_year, 
    total_credits_required, min_general_education_credits,
    min_professional_education_credits, min_graduation_credits, 
    created_at, updated_at
) VALUES
('CNTT_2017', 'Cử nhân ngành Công nghệ Thông tin (Áp dụng từ Khóa 12 - 2017)', 'CNTT', 2017, 131, 51, 68, 12, CURRENT_TIMESTAMP, CURRENT_TIMESTAMP),
('HTTT_2017', 'Kỹ sư ngành Hệ thống Thông tin (Áp dụng từ Khóa 12 - 2017)', 'HTTT', 2017, 140, 44, 84, 12, CURRENT_TIMESTAMP, CURRENT_TIMESTAMP),
('HTTT_TT_2017', 'Chương trình tiên tiến ngành Hệ thống Thông tin (Áp dụng từ khóa 12 - 2017)', 'HTTT_TT', 2017, 143, 53, 77, 13, CURRENT_TIMESTAMP, CURRENT_TIMESTAMP),
('KHMT_2017', 'Cử nhân ngành Khoa học Máy tính (Áp dụng từ khóa 12 - 2017)', 'KHMT', 2017, 129, 48, 71, 10, CURRENT_TIMESTAMP, CURRENT_TIMESTAMP),
('KTPM_2017', 'Kỹ sư ngành Kỹ thuật Phần mềm (Áp dụng từ khóa 12 - 2017)', 'KTPM', 2017, 140, 48, 76, 16, CURRENT_TIMESTAMP, CURRENT_TIMESTAMP),
('KTMT_2017', 'Kỹ sư ngành Kỹ thuật Máy tính (Áp dụng từ khóa 12 - 2017)', 'KTMT', 2017, 136, 46, 74, 16, CURRENT_TIMESTAMP, CURRENT_TIMESTAMP),
('MMTT_2017', 'Kỹ sư ngành Truyền thông và Mạng máy tính (Áp dụng từ khóa 12 - 2017)', 'MMTT', 2017, 136, 51, 75, 10, CURRENT_TIMESTAMP, CURRENT_TIMESTAMP),
('ATTT_2017', 'Kỹ sư ngành An toàn Thông tin (Áp dụng từ khóa 12 - 2017)', 'ATTT', 2017, 131, 51, 68, 12, CURRENT_TIMESTAMP, CURRENT_TIMESTAMP),
('TMDT_2017', 'Kỹ sư ngành Hệ thống Thông tin chuyên ngành Thương mại điện tử (Áp dụng từ khóa 12 - 2017)', 'TMDT', 2017, 133, 40, 81, 12, CURRENT_TIMESTAMP, CURRENT_TIMESTAMP),

('CNTT_2018', 'Cử nhân ngành Công nghệ Thông tin (Áp dụng từ Khóa 13 - 2018)', 'CNTT', 2018, 131, 51, 68, 12, CURRENT_TIMESTAMP, CURRENT_TIMESTAMP),
('CNTTVN_2018', 'Ngành Công nghệ Thông tin (CLC định hướng Nhật Bản, Áp dụng từ Khóa 13 - 2018)', 'CNTTVN', 2018, 120, 38, 68, 14, CURRENT_TIMESTAMP, CURRENT_TIMESTAMP),
('HTTT_2018', 'Kỹ sư ngành Hệ thống Thông tin (Áp dụng từ Khóa 13 - 2018)', 'HTTT', 2018, 140, 44, 84, 12, CURRENT_TIMESTAMP, CURRENT_TIMESTAMP),
('HTTT_TT_2018', 'Chương trình tiên tiến ngành Hệ thống Thông tin (Áp dụng từ Khóa 13 - 2018)', 'HTTT_TT', 2018, 143, 53, 77, 13, CURRENT_TIMESTAMP, CURRENT_TIMESTAMP),
('TMDT_2018', 'Cử nhân ngành Thương mại điện tử (Áp dụng từ Khóa 13 - 2018)', 'TMDT', 2018, 133, 40, 81, 12, CURRENT_TIMESTAMP, CURRENT_TIMESTAMP),
('KHMT_2018', 'Cử nhân ngành Khoa học Máy tính (Áp dụng từ Khóa 13 - 2018)', 'KHMT', 2018, 129, 48, 71, 10, CURRENT_TIMESTAMP, CURRENT_TIMESTAMP),
('KTPM_2018', 'Kỹ sư ngành Kỹ thuật Phần mềm (Áp dụng từ Khóa 13 - 2018)', 'KTPM', 2018, 140, 48, 76, 16, CURRENT_TIMESTAMP, CURRENT_TIMESTAMP),
('KTMT_2018', 'Kỹ sư ngành Kỹ thuật Máy tính (Áp dụng từ Khóa 13 - 2018)', 'KTMT', 2018, 136, 46, 74, 16, CURRENT_TIMESTAMP, CURRENT_TIMESTAMP),
('MMTTT_2018', 'Kỹ sư ngành Mạng máy tính và Truyền thông dữ liệu (Áp dụng từ Khóa 13 - 2018)', 'MMTTT', 2018, 136, 51, 75, 10, CURRENT_TIMESTAMP, CURRENT_TIMESTAMP),
('ATTT_2018', 'Kỹ sư ngành An toàn Thông tin (Áp dụng từ Khóa 13 - 2018)', 'ATTT', 2018, 131, 51, 68, 12, CURRENT_TIMESTAMP, CURRENT_TIMESTAMP),
('KHDL_2018', 'Cử nhân khoa học ngành Khoa học Dữ liệu (Áp dụng từ Khóa 13 - 2018)', 'KHDL', 2018, 133, 40, 81, 12, CURRENT_TIMESTAMP, CURRENT_TIMESTAMP),

('CNTT_2019', 'Cử nhân ngành Công nghệ Thông tin (Áp dụng từ Khóa 14 - 2019)', 'CNTT', 2019, 126, 45, 69, 12, CURRENT_TIMESTAMP, CURRENT_TIMESTAMP),
('HTTT_2019', 'Kỹ sư ngành Hệ thống Thông tin (Áp dụng từ Khóa 14 - 2019)', 'HTTT', 2019, 141, 45, 84, 12, CURRENT_TIMESTAMP, CURRENT_TIMESTAMP),
('HTTT_TT_2019', 'Chương trình tiên tiến Kỹ sư ngành Hệ thống Thông tin (Áp dụng từ Khóa 14 - 2019)', 'HTTT_TT', 2019, 144, 54, 77, 13, CURRENT_TIMESTAMP, CURRENT_TIMESTAMP),
('KHMT_2019', 'Cử nhân ngành Khoa học Máy tính (Áp dụng từ Khóa 14 - 2019)', 'KHMT', 2019, 127, 45, 72, 10, CURRENT_TIMESTAMP, CURRENT_TIMESTAMP),
('KTPM_2019', 'Kỹ sư ngành Kỹ thuật Phần mềm (Áp dụng từ Khóa 14 - 2019)', 'KTPM', 2019, 137, 45, 76, 16, CURRENT_TIMESTAMP, CURRENT_TIMESTAMP),
('KTMT_2019', 'Kỹ sư ngành Kỹ thuật Máy tính (Áp dụng từ Khóa 14 - 2019)', 'KTMT', 2019, 137, 47, 74, 16, CURRENT_TIMESTAMP, CURRENT_TIMESTAMP),
('MMTTT_2019', 'Kỹ sư ngành Mạng máy tính và Truyền thông dữ liệu (Áp dụng từ Khóa 14 - 2019)', 'MMTTT', 2019, 137, 47, 80, 10, CURRENT_TIMESTAMP, CURRENT_TIMESTAMP),
('ATTT_2019', 'Kỹ sư ngành An toàn Thông tin (Áp dụng từ Khóa 14 - 2019)', 'ATTT', 2019, 132, 52, 68, 12, CURRENT_TIMESTAMP, CURRENT_TIMESTAMP),
('TMDT_2019', 'Cử nhân ngành Thương mại điện tử (Áp dụng từ Khóa 14 - 2019)', 'TMDT', 2019, 127, 41, 74, 12, CURRENT_TIMESTAMP, CURRENT_TIMESTAMP),
('KHDL_2019', 'Cử nhân khoa học ngành Khoa học Dữ liệu (Áp dụng từ Khóa 14 - 2019)', 'KHDL', 2019, 122, 45, 65, 12, CURRENT_TIMESTAMP, CURRENT_TIMESTAMP),

('CNTT_2020', 'Cử nhân ngành Công nghệ Thông tin (Áp dụng từ Khoá 15 - 2020)', 'CNTT', 2020, 125, 45, 68, 12, CURRENT_TIMESTAMP, CURRENT_TIMESTAMP),
('HTTT_2020', 'Cử nhân ngành Hệ thống Thông tin (Áp dụng từ khóa 15 - 2020)', 'HTTT', 2020, 140, 45, 83, 12, CURRENT_TIMESTAMP, CURRENT_TIMESTAMP),
('HTTT_TT_2020', 'Chương trình tiên tiến ngành Hệ thống Thông tin (Áp dụng từ khóa 15 - 2020)', 'HTTT_TT', 2020, 145, 56, 86, 13, CURRENT_TIMESTAMP, CURRENT_TIMESTAMP),
('TMDT_2020', 'Cử nhân ngành Thương mại điện tử (Áp dụng từ Khoá 15 - 2020)', 'TMDT', 2020, 126, 41, 73, 12, CURRENT_TIMESTAMP, CURRENT_TIMESTAMP),
('KHMT_2020', 'Cử nhân ngành Khoa học Máy tính (Áp dụng từ khóa 15 - 2020)', 'KHMT', 2020, 126, 45, 71, 10, CURRENT_TIMESTAMP, CURRENT_TIMESTAMP),
('KHMT_BC_2020', 'Cử nhân ngành KHMT (Liên kết ĐH Birmingham City) (Áp dụng từ Khoá 15 - 2020)', 'KHMT', 2020, 96, 0, 0, 0, CURRENT_TIMESTAMP, CURRENT_TIMESTAMP),
('KTPM_2020', 'Cử nhân ngành Kỹ thuật Phần mềm (Áp dụng từ khóa 15 - 2020)', 'KTPM', 2020, 136, 45, 75, 16, CURRENT_TIMESTAMP, CURRENT_TIMESTAMP),
('KTMT_CN_2020', 'Cử nhân ngành Kỹ thuật Máy tính (Áp dụng từ khóa 15 - 2020)', 'KTMT', 2020, 126, 47, 63, 16, CURRENT_TIMESTAMP, CURRENT_TIMESTAMP),
('KTMT_KS_2020', 'Kỹ sư ngành Kỹ thuật Máy tính (Áp dụng từ khóa 15 - 2020)', 'KTMT', 2020, 156, 47, 93, 16, CURRENT_TIMESTAMP, CURRENT_TIMESTAMP),
('MMTTT_2020', 'Cử nhân ngành Mạng máy tính và Truyền thông dữ liệu (Áp dụng từ khóa 15 - 2020)', 'MMTTT', 2020, 136, 52, 74, 10, CURRENT_TIMESTAMP, CURRENT_TIMESTAMP),
('ATTT_2020', 'Cử nhân ngành An toàn Thông tin (Áp dụng từ khóa 15 - 2020)', 'ATTT', 2020, 131, 52, 67, 12, CURRENT_TIMESTAMP, CURRENT_TIMESTAMP),
('MMT_ATTT_BC_2020', 'Cử nhân ngành Mạng máy tính và An toàn Thông tin (Liên kết ĐH Birmingham City) (Khóa 15 - 2020)', 'ATTT', 2020, 96, 0, 0, 0, CURRENT_TIMESTAMP, CURRENT_TIMESTAMP),
('KHDL_2020', 'Cử nhân khoa học ngành Khoa học Dữ liệu (Áp dụng từ khóa 15 - 2020)', 'KHDL', 2020, 121, 45, 64, 12, CURRENT_TIMESTAMP, CURRENT_TIMESTAMP),

('CNTT_2021', 'Cử nhân ngành Công nghệ Thông tin (Áp dụng từ Khoá 15 - 2020)', 'CNTT', 2021, 125, 45, 68, 12, CURRENT_TIMESTAMP, CURRENT_TIMESTAMP),
('CNTT_LT_2021', 'Cử nhân ngành Công nghệ Thông tin (Chương trình liên thông)', 'CNTT', 2021, 52, 30, 12, 10, CURRENT_TIMESTAMP, CURRENT_TIMESTAMP),
('HTTT_2021', 'Cử nhân ngành Hệ thống Thông tin (Áp dụng từ khóa 15 - 2020)', 'HTTT', 2021, 140, 45, 83, 12, CURRENT_TIMESTAMP, CURRENT_TIMESTAMP),
('HTTT_TT_2021', 'Chương trình tiên tiến ngành Hệ thống Thông tin (Áp dụng từ khóa 15 - 2020)', 'HTTT_TT', 2021, 145, 56, 86, 13, CURRENT_TIMESTAMP, CURRENT_TIMESTAMP),
('TMDT_2021', 'Cử nhân ngành Thương mại điện tử (Áp dụng từ Khoá 15 - 2020)', 'TMDT', 2021, 126, 41, 73, 12, CURRENT_TIMESTAMP, CURRENT_TIMESTAMP),
('KHMT_2021', 'Cử nhân ngành Khoa học Máy tính (Áp dụng từ khóa 15 - 2020)', 'KHMT', 2021, 126, 45, 71, 10, CURRENT_TIMESTAMP, CURRENT_TIMESTAMP),
('KHMT_BC_2021', 'Cử nhân ngành KHMT (Liên kết ĐH Birmingham City) (Áp dụng từ Khoá 15 - 2020)', 'KHMT', 2021, 96, 0, 0, 0, CURRENT_TIMESTAMP, CURRENT_TIMESTAMP),
('KTPM_2021', 'Cử nhân ngành Kỹ thuật Phần mềm (Áp dụng từ khóa 15 - 2020)', 'KTPM', 2021, 136, 45, 75, 16, CURRENT_TIMESTAMP, CURRENT_TIMESTAMP),
('KTMT_CN_2021', 'Cử nhân ngành Kỹ thuật Máy tính (Áp dụng từ khóa 15 - 2020)', 'KTMT', 2021, 126, 47, 63, 16, CURRENT_TIMESTAMP, CURRENT_TIMESTAMP),
('KTMT_KS_2021', 'Kỹ sư ngành Kỹ thuật Máy tính (Áp dụng từ khóa 15 - 2020)', 'KTMT', 2021, 156, 47, 93, 16, CURRENT_TIMESTAMP, CURRENT_TIMESTAMP),
('MMTTT_2021', 'Cử nhân ngành Mạng máy tính và Truyền thông dữ liệu (Áp dụng từ khóa 15 - 2020)', 'MMTTT', 2021, 136, 52, 74, 10, CURRENT_TIMESTAMP, CURRENT_TIMESTAMP),
('ATTT_2021', 'Cử nhân ngành An toàn Thông tin (Áp dụng từ khóa 15 - 2020)', 'ATTT', 2021, 131, 52, 67, 12, CURRENT_TIMESTAMP, CURRENT_TIMESTAMP),
('MMT_ATTT_BC_2021', 'Cử nhân ngành Mạng máy tính và An toàn Thông tin (Liên kết ĐH Birmingham City) (Khóa 15 - 2020)', 'ATTT', 2021, 96, 0, 0, 0, CURRENT_TIMESTAMP, CURRENT_TIMESTAMP),
('KHDL_2021', 'Cử nhân khoa học ngành Khoa học Dữ liệu (Áp dụng từ khóa 15 - 2020)', 'KHDL', 2021, 121, 45, 64, 12, CURRENT_TIMESTAMP, CURRENT_TIMESTAMP),

('CNTT_2022', 'Cử nhân ngành Công nghệ Thông tin (Áp dụng từ Khoá 17 - 2022)', 'CNTT', 2022, 125, 45, 68, 12, CURRENT_TIMESTAMP, CURRENT_TIMESTAMP),
('CNTT_VN_2022', 'Cử nhân ngành Công nghệ Thông tin - Việt Nhật (Áp dụng từ Khoá 17 - 2022)', 'CNTT', 2022, 132, 55, 63, 14, CURRENT_TIMESTAMP, CURRENT_TIMESTAMP),
('CNTT_VB_2022', 'Cử nhân ngành Công nghệ Thông tin - Văn bằng Đại học 2 (Áp dụng từ Khoá 17 - 2022)', 'CNTT', 2022, 100, 8, 56, 10, CURRENT_TIMESTAMP, CURRENT_TIMESTAMP),
('CNTT_LT_2022', 'Cử nhân ngành Công nghệ Thông tin - Liên thông chính quy (Áp dụng từ Khoá 17 - 2022)', 'CNTT', 2022, 52, 10, 32, 20, CURRENT_TIMESTAMP, CURRENT_TIMESTAMP),
('HTTT_2022', 'Cử nhân ngành Hệ thống Thông tin (Áp dụng từ khóa 17 - 2022)', 'HTTT', 2022, 132, 45, 75, 12, CURRENT_TIMESTAMP, CURRENT_TIMESTAMP),
('HTTT_TT_2022', 'Chương trình tiên tiến ngành Hệ thống Thông tin (Áp dụng từ khóa 15 - 2020)', 'HTTT_TT', 2022, 145, 56, 86, 13, CURRENT_TIMESTAMP, CURRENT_TIMESTAMP),
('TMDT_2022', 'Cử nhân ngành Thương mại điện tử (Áp dụng từ Khoá 17 - 2022)', 'TMDT', 2022, 125, 45, 68, 12, CURRENT_TIMESTAMP, CURRENT_TIMESTAMP),
('KHMT_2022', 'Cử nhân ngành Khoa học Máy tính (Áp dụng từ khóa 17 - 2022)', 'KHMT', 2022, 126, 45, 71, 10, CURRENT_TIMESTAMP, CURRENT_TIMESTAMP),
('TTNT_2022', 'Cử nhân ngành Trí tuệ Nhân tạo (Áp dụng từ khóa 17 - 2022)', 'TTNT', 2022, 128, 45, 73, 10, CURRENT_TIMESTAMP, CURRENT_TIMESTAMP),
('KTPM_2022', 'Cử nhân ngành Kỹ thuật Phần mềm (Áp dụng từ khóa 17 - 2022)', 'KTPM', 2022, 130, 43, 71, 16, CURRENT_TIMESTAMP, CURRENT_TIMESTAMP),
('KTMT_2022', 'Cử nhân ngành Kỹ thuật Máy tính (Áp dụng từ khóa 17 - 2022)', 'KTMT', 2022, 128, 47, 69, 12, CURRENT_TIMESTAMP, CURRENT_TIMESTAMP),
('MMTTT_2022', 'Cử nhân ngành Mạng máy tính và Truyền thông dữ liệu (Áp dụng từ khóa 17 - 2022)', 'MMTTT', 2022, 130, 47, 69, 14, CURRENT_TIMESTAMP, CURRENT_TIMESTAMP),
('ATTT_2022', 'Cử nhân ngành An toàn Thông tin (Áp dụng từ khóa 17 - 2022)', 'ATTT', 2022, 129, 47, 68, 14, CURRENT_TIMESTAMP, CURRENT_TIMESTAMP),
('KHDL_2022', 'Cử nhân khoa học ngành Khoa học Dữ liệu (Áp dụng từ khóa 17 - 2022)', 'KHDL', 2022, 123, 45, 66, 12, CURRENT_TIMESTAMP, CURRENT_TIMESTAMP),

('CNTT_2023', 'Cử nhân ngành Công nghệ Thông tin (Khóa 18 - 2023)', 'CNTT', 2023, 0, 0, 0, 0, CURRENT_TIMESTAMP, CURRENT_TIMESTAMP),
('HTTT_2023', 'Cử nhân ngành Hệ thống Thông tin (Khóa 18 - 2023)', 'HTTT', 2023, 0, 0, 0, 0, CURRENT_TIMESTAMP, CURRENT_TIMESTAMP),
('HTTT_TT_2023', 'Chương trình tiên tiến ngành Hệ thống Thông tin (Khóa 18 - 2023)', 'HTTT_TT', 2023, 0, 0, 0, 0, CURRENT_TIMESTAMP, CURRENT_TIMESTAMP),
('TMDT_2023', 'Cử nhân ngành Thương mại điện tử (Khóa 18 - 2023)', 'TMDT', 2023, 0, 0, 0, 0, CURRENT_TIMESTAMP, CURRENT_TIMESTAMP),
('KHMT_2023', 'Cử nhân ngành Khoa học Máy tính (Khóa 18 - 2023)', 'KHMT', 2023, 0, 0, 0, 0, CURRENT_TIMESTAMP, CURRENT_TIMESTAMP),
('TTNT_2023', 'Cử nhân ngành Trí tuệ Nhân tạo (Khóa 18 - 2023)', 'TTNT', 2023, 0, 0, 0, 0, CURRENT_TIMESTAMP, CURRENT_TIMESTAMP),
('KHMT_BC_2023', 'Cử nhân ngành KHMT (Liên kết Birmingham City) (Khóa 18 - 2023)', 'KHMT', 2023, 0, 0, 0, 0, CURRENT_TIMESTAMP, CURRENT_TIMESTAMP),
('KTPM_2023', 'Cử nhân ngành Kỹ thuật Phần mềm (Khóa 18 - 2023)', 'KTPM', 2023, 0, 0, 0, 0, CURRENT_TIMESTAMP, CURRENT_TIMESTAMP),
('KTMT_2023', 'Cử nhân ngành Kỹ thuật Máy tính (Khóa 18 - 2023)', 'KTMT', 2023, 0, 0, 0, 0, CURRENT_TIMESTAMP, CURRENT_TIMESTAMP),
('MMTTT_2023', 'Cử nhân ngành Mạng máy tính và Truyền thông dữ liệu (Khóa 18 - 2023)', 'MMTTT', 2023, 0, 0, 0, 0, CURRENT_TIMESTAMP, CURRENT_TIMESTAMP),
('ATTT_2023', 'Cử nhân ngành An toàn Thông tin (Khóa 18 - 2023)', 'ATTT', 2023, 0, 0, 0, 0, CURRENT_TIMESTAMP, CURRENT_TIMESTAMP),
('MMT_ATTT_BC_2023', 'Cử nhân ngành MMT và ATTT (Liên kết Birmingham City) (Khóa 18 - 2023)', 'ATTT', 2023, 0, 0, 0, 0, CURRENT_TIMESTAMP, CURRENT_TIMESTAMP),
('KHDL_2023', 'Cử nhân khoa học ngành Khoa học Dữ liệu (Khóa 18 - 2023)', 'KHDL', 2023, 0, 0, 0, 0, CURRENT_TIMESTAMP, CURRENT_TIMESTAMP),

('CNTT_2024', 'Cử nhân ngành Công nghệ Thông tin (Áp dụng từ Khoá 19 - 2024)', 'CNTT', 2024, 0, 0, 0, 0, CURRENT_TIMESTAMP, CURRENT_TIMESTAMP),
('HTTT_2024', 'Cử nhân ngành Hệ thống Thông tin (Áp dụng từ khóa 19 - 2024)', 'HTTT', 2024, 0, 0, 0, 0, CURRENT_TIMESTAMP, CURRENT_TIMESTAMP),
('HTTT_TT_2024', 'Chương trình tiên tiến ngành Hệ thống Thông tin (Áp dụng từ khóa 18 - 2023)', 'HTTT_TT', 2024, 0, 0, 0, 0, CURRENT_TIMESTAMP, CURRENT_TIMESTAMP),
('TMDT_2024', 'Cử nhân ngành Thương mại điện tử (Áp dụng từ Khoá 19 - 2024)', 'TMDT', 2024, 0, 0, 0, 0, CURRENT_TIMESTAMP, CURRENT_TIMESTAMP),
('TMDT_SN_2024', 'Chương trình đào tạo song ngành ngành Thương mại điện tử (Khóa 19 - 2024)', 'TMDT', 2024, 0, 0, 0, 0, CURRENT_TIMESTAMP, CURRENT_TIMESTAMP),
('KHMT_2024', 'Cử nhân ngành Khoa học Máy tính (Áp dụng từ khóa 19 - 2024)', 'KHMT', 2024, 0, 0, 0, 0, CURRENT_TIMESTAMP, CURRENT_TIMESTAMP),
('TTNT_2024', 'Cử nhân ngành Trí tuệ Nhân tạo (Áp dụng từ khóa 19 - 2024)', 'TTNT', 2024, 0, 0, 0, 0, CURRENT_TIMESTAMP, CURRENT_TIMESTAMP),
('KHMT_BC_2024', 'Cử nhân ngành KHMT (Liên kết ĐH Birmingham City) (Khóa 18 - 2023)', 'KHMT', 2024, 0, 0, 0, 0, CURRENT_TIMESTAMP, CURRENT_TIMESTAMP),
('KTPM_2024', 'Cử nhân ngành Kỹ thuật Phần mềm (Áp dụng từ khóa 19 - 2024)', 'KTPM', 2024, 0, 0, 0, 0, CURRENT_TIMESTAMP, CURRENT_TIMESTAMP),
('KTMT_2024', 'Cử nhân ngành Kỹ thuật Máy tính (Áp dụng từ khóa 19 - 2024)', 'KTMT', 2024, 0, 0, 0, 0, CURRENT_TIMESTAMP, CURRENT_TIMESTAMP),
('TKVM_2024', 'Cử nhân ngành Thiết kế Vi mạch (Áp dụng từ khóa 19 - 2024)', 'TKVM', 2024, 0, 0, 0, 0, CURRENT_TIMESTAMP, CURRENT_TIMESTAMP),
('MMTTT_2024', 'Cử nhân ngành Mạng máy tính và Truyền thông dữ liệu (Khóa 19 - 2024)', 'MMTTT', 2024, 0, 0, 0, 0, CURRENT_TIMESTAMP, CURRENT_TIMESTAMP),
('ATTT_2024', 'Cử nhân ngành An toàn Thông tin (Áp dụng từ khóa 19 - 2024)', 'ATTT', 2024, 0, 0, 0, 0, CURRENT_TIMESTAMP, CURRENT_TIMESTAMP),
('MMT_ATTT_BC_2024', 'Cử nhân ngành MMT và ATTT (Liên kết ĐH Birmingham City) (Khóa 18 - 2023)', 'ATTT', 2024, 0, 0, 0, 0, CURRENT_TIMESTAMP, CURRENT_TIMESTAMP),
('KHDL_2024', 'Cử nhân khoa học ngành Khoa học Dữ liệu (Áp dụng từ khóa 19 - 2024)', 'KHDL', 2024, 0, 0, 0, 0, CURRENT_TIMESTAMP, CURRENT_TIMESTAMP),

('CNTT_2025', 'Cử nhân ngành Công nghệ Thông tin (Áp dụng từ Khoá 19 - 2024)', 'CNTT', 2025, 0, 0, 0, 0, CURRENT_TIMESTAMP, CURRENT_TIMESTAMP),
('HTTT_2025', 'Cử nhân ngành Hệ thống Thông tin (Áp dụng từ Khoá 19 - 2024)', 'HTTT', 2025, 0, 0, 0, 0, CURRENT_TIMESTAMP, CURRENT_TIMESTAMP),
('KHMT_2025', 'Cử nhân ngành Khoa học Máy tính (Áp dụng từ khóa 19 - 2024)', 'KHMT', 2025, 0, 0, 0, 0, CURRENT_TIMESTAMP, CURRENT_TIMESTAMP),
('TTNT_2025', 'Cử nhân ngành Trí tuệ Nhân tạo (Áp dụng từ khóa 19 - 2024)', 'TTNT', 2025, 0, 0, 0, 0, CURRENT_TIMESTAMP, CURRENT_TIMESTAMP),
('KTMT_2025', 'Cử nhân ngành Kỹ thuật Máy tính (Áp dụng từ khóa 19 - 2024)', 'KTMT', 2025, 0, 0, 0, 0, CURRENT_TIMESTAMP, CURRENT_TIMESTAMP),
('TKVM_2025', 'Cử nhân ngành Thiết kế Vi mạch (Áp dụng từ khóa 19 - 2024)', 'TKVM', 2025, 0, 0, 0, 0, CURRENT_TIMESTAMP, CURRENT_TIMESTAMP),
('MMTTT_2025', 'Cử nhân ngành Mạng máy tính và Truyền thông dữ liệu (Khóa 19 - 2024)', 'MMTTT', 2025, 0, 0, 0, 0, CURRENT_TIMESTAMP, CURRENT_TIMESTAMP),
('ATTT_2025', 'Cử nhân ngành An toàn Thông tin (Áp dụng từ khóa 19 - 2024)', 'ATTT', 2025, 0, 0, 0, 0, CURRENT_TIMESTAMP, CURRENT_TIMESTAMP),
('TMDT_2025', 'Cử nhân ngành Thương mại điện tử (Áp dụng từ Khoá 19 - 2024)', 'TMDT', 2025, 0, 0, 0, 0, CURRENT_TIMESTAMP, CURRENT_TIMESTAMP),
('TMDT_SN_2025', 'Song ngành ngành Thương mại điện tử (Áp dụng từ Khoá 19 - 2024)', 'TMDT', 2025, 0, 0, 0, 0, CURRENT_TIMESTAMP, CURRENT_TIMESTAMP),
('KHDL_2025', 'Cử nhân khoa học ngành Khoa học Dữ liệu (Áp dụng từ khóa 19 - 2024)', 'KHDL', 2025, 0, 0, 0, 0, CURRENT_TIMESTAMP, CURRENT_TIMESTAMP),
('KTPM_2025', 'Cử nhân ngành Kỹ thuật Phần mềm (Áp dụng từ khóa 20 - 2025)', 'KTPM', 2025, 0, 0, 0, 0, CURRENT_TIMESTAMP, CURRENT_TIMESTAMP),
('TTDPT_2025', 'Cử nhân ngành Truyền thông đa phương tiện (Áp dụng từ khóa 20 - 2025)', 'TTDPT', 2025, 0, 0, 0, 0, CURRENT_TIMESTAMP, CURRENT_TIMESTAMP),
('MMT_ATTT_BC_2025', 'Cử nhân MMT và ATTT (Liên kết Birmingham City) (Khóa 20-2025)', 'ATTT', 2025, 0, 0, 0, 0, CURRENT_TIMESTAMP, CURRENT_TIMESTAMP),
('KTHHTMT_NC_2025', 'Cử nhân Kỹ thuật Hệ thống Máy tính (Liên kết Newcastle - Úc) (Khóa 20-2025)', 'KTMT', 2025, 0, 0, 0, 0, CURRENT_TIMESTAMP, CURRENT_TIMESTAMP),
('HTTT_TT_2025', 'Tiên tiến ngành Hệ thống Thông tin (Áp dụng từ khóa 18 - 2023)', 'HTTT_TT', 2025, 0, 0, 0, 0, CURRENT_TIMESTAMP, CURRENT_TIMESTAMP),
('KHMT_BC_2025', 'Cử nhân KHMT (Liên kết Birmingham City) (Áp dụng từ khóa 18 - 2023)', 'KHMT', 2025, 0, 0, 0, 0, CURRENT_TIMESTAMP, CURRENT_TIMESTAMP);

